ID,Modello,Difficolt√†,Numero tessere,Dimensione scacchiera,Tempo esecuzione (s),Totale tessere,Tessere inserite,Tessere non inserite,solver,batch,Modello_Solver
1,domino_orientamento,easy,3,4,0.9168367385864258,3,3,0,Gecode,0,domino_orientamento_Gecode
1,domino_posizione,easy,3,4,0.1079330444335937,3,3,0,Gecode,0,domino_posizione_Gecode
1,domino_base,easy,3,4,0.1022021770477294,3,3,0,Gecode,0,domino_base_Gecode
1,domino_inserite,easy,3,4,0.1036972999572753,3,3,0,Gecode,0,domino_inserite_Gecode
2,domino_orientamento,easy,5,5,0.1500940322875976,5,5,0,Gecode,0,domino_orientamento_Gecode
2,domino_posizione,easy,5,5,0.3297383785247803,5,5,0,Gecode,0,domino_posizione_Gecode
2,domino_base,easy,5,5,0.1417906284332275,5,5,0,Gecode,0,domino_base_Gecode
2,domino_inserite,easy,5,5,0.1455230712890625,5,5,0,Gecode,0,domino_inserite_Gecode
3,domino_orientamento,easy,5,4,1.25233793258667,5,3,2,Gecode,0,domino_orientamento_Gecode
3,domino_posizione,easy,5,4,3.2015485763549805,5,3,2,Gecode,0,domino_posizione_Gecode
3,domino_base,easy,5,4,1.5126216411590576,5,3,2,Gecode,0,domino_base_Gecode
3,domino_inserite,easy,5,4,1.0065507888793943,5,3,2,Gecode,0,domino_inserite_Gecode
4,domino_orientamento,easy,4,2,0.1083755493164062,4,0,4,Gecode,0,domino_orientamento_Gecode
4,domino_posizione,easy,4,2,0.1092326641082763,4,0,4,Gecode,0,domino_posizione_Gecode
4,domino_base,easy,4,2,0.1129710674285888,4,0,4,Gecode,0,domino_base_Gecode
4,domino_inserite,easy,4,2,0.1258580684661865,4,0,4,Gecode,0,domino_inserite_Gecode
5,domino_orientamento,medium,9,9,0.3083570003509521,9,9,0,Gecode,0,domino_orientamento_Gecode
5,domino_posizione,medium,9,9,300.1251492500305,9,5,4,Gecode,0,domino_posizione_Gecode
5,domino_base,medium,9,9,0.5841176509857178,9,9,0,Gecode,0,domino_base_Gecode
5,domino_inserite,medium,9,9,0.6356840133666992,9,9,0,Gecode,0,domino_inserite_Gecode
6,domino_orientamento,medium,8,8,0.2577829360961914,8,8,0,Gecode,0,domino_orientamento_Gecode
6,domino_posizione,medium,8,8,300.106981754303,8,5,3,Gecode,0,domino_posizione_Gecode
6,domino_base,medium,8,8,2.076869487762451,8,8,0,Gecode,0,domino_base_Gecode
6,domino_inserite,medium,8,8,0.3503382205963135,8,8,0,Gecode,0,domino_inserite_Gecode
7,domino_orientamento,medium,6,6,0.1850063800811767,6,6,0,Gecode,0,domino_orientamento_Gecode
7,domino_posizione,medium,6,6,13.772024869918823,6,6,0,Gecode,0,domino_posizione_Gecode
7,domino_base,medium,6,6,0.2358121871948242,6,6,0,Gecode,0,domino_base_Gecode
7,domino_inserite,medium,6,6,0.222344160079956,6,6,0,Gecode,0,domino_inserite_Gecode
8,domino_orientamento,medium,7,6,0.2045717239379882,7,7,0,Gecode,0,domino_orientamento_Gecode
8,domino_posizione,medium,7,6,28.25779128074646,7,7,0,Gecode,0,domino_posizione_Gecode
8,domino_base,medium,7,6,0.2629969120025635,7,7,0,Gecode,0,domino_base_Gecode
8,domino_inserite,medium,7,6,2.092125415802002,7,7,0,Gecode,0,domino_inserite_Gecode
9,domino_orientamento,hard,16,14,300.3013498783112,16,14,2,Gecode,0,domino_orientamento_Gecode
9,domino_posizione,hard,16,14,300.31502747535706,16,8,8,Gecode,0,domino_posizione_Gecode
9,domino_base,hard,16,14,300.30588245391846,16,13,3,Gecode,0,domino_base_Gecode
9,domino_inserite,hard,16,14,300.30329275131226,16,12,4,Gecode,0,domino_inserite_Gecode
10,domino_orientamento,hard,13,20,0.91015362739563,13,13,0,Gecode,0,domino_orientamento_Gecode
10,domino_posizione,hard,13,20,300.24206829071045,13,10,3,Gecode,0,domino_posizione_Gecode
10,domino_base,hard,13,20,5.074900388717651,13,13,0,Gecode,0,domino_base_Gecode
10,domino_inserite,hard,13,20,248.16843342781067,13,13,0,Gecode,0,domino_inserite_Gecode
1,domino_base,easy,3,4,0.1026492118835449,3,3,0,chuffed,0,domino_base_chuffed
2,domino_base,easy,5,5,0.171476125717163,5,5,0,chuffed,0,domino_base_chuffed
3,domino_base,easy,5,4,0.1592600345611572,5,3,2,chuffed,0,domino_base_chuffed
4,domino_base,easy,4,2,0.1226520538330078,4,0,4,chuffed,0,domino_base_chuffed
5,domino_base,medium,9,9,0.3869574069976806,9,9,0,chuffed,0,domino_base_chuffed
6,domino_base,medium,8,8,0.3372633457183838,8,8,0,chuffed,0,domino_base_chuffed
7,domino_base,medium,6,6,0.2080287933349609,6,6,0,chuffed,0,domino_base_chuffed
8,domino_base,medium,7,6,0.2630186080932617,7,7,0,chuffed,0,domino_base_chuffed
9,domino_base,hard,16,14,2.1627891063690186,16,16,0,chuffed,0,domino_base_chuffed
10,domino_base,hard,13,20,4.1510186195373535,13,13,0,chuffed,0,domino_base_chuffed
1,domino_orientamento,easy,3,5,0.1436166763305664,3,3,0,Gecode,1,domino_orientamento_Gecode
1,domino_posizione,easy,3,5,0.1091492176055908,3,3,0,Gecode,1,domino_posizione_Gecode
1,domino_base,easy,3,5,0.1051759719848632,3,3,0,Gecode,1,domino_base_Gecode
1,domino_inserite,easy,3,5,0.1131761074066162,3,3,0,Gecode,1,domino_inserite_Gecode
2,domino_orientamento,easy,5,5,0.1697561740875244,5,5,0,Gecode,1,domino_orientamento_Gecode
2,domino_posizione,easy,5,5,0.3591194152832031,5,5,0,Gecode,1,domino_posizione_Gecode
2,domino_base,easy,5,5,0.1414532661437988,5,5,0,Gecode,1,domino_base_Gecode
2,domino_inserite,easy,5,5,0.1446046829223632,5,5,0,Gecode,1,domino_inserite_Gecode
3,domino_orientamento,easy,3,5,0.111415147781372,3,3,0,Gecode,1,domino_orientamento_Gecode
3,domino_posizione,easy,3,5,0.1185095310211181,3,3,0,Gecode,1,domino_posizione_Gecode
3,domino_base,easy,3,5,0.1078932285308837,3,3,0,Gecode,1,domino_base_Gecode
3,domino_inserite,easy,3,5,0.1171457767486572,3,3,0,Gecode,1,domino_inserite_Gecode
4,domino_orientamento,easy,3,2,0.1115460395812988,3,0,3,Gecode,1,domino_orientamento_Gecode
4,domino_posizione,easy,3,2,0.1086134910583496,3,0,3,Gecode,1,domino_posizione_Gecode
4,domino_base,easy,3,2,0.1053309440612793,3,0,3,Gecode,1,domino_base_Gecode
4,domino_inserite,easy,3,2,0.1042432785034179,3,0,3,Gecode,1,domino_inserite_Gecode
5,domino_orientamento,medium,10,7,0.4469523429870605,10,10,0,Gecode,1,domino_orientamento_Gecode
5,domino_posizione,medium,10,7,300.1476302146912,10,5,5,Gecode,1,domino_posizione_Gecode
5,domino_base,medium,10,7,7.687581777572632,10,10,0,Gecode,1,domino_base_Gecode
5,domino_inserite,medium,10,7,300.1496925354004,10,9,1,Gecode,1,domino_inserite_Gecode
6,domino_orientamento,medium,6,9,0.1780574321746826,6,6,0,Gecode,1,domino_orientamento_Gecode
6,domino_posizione,medium,6,9,0.8494575023651123,6,6,0,Gecode,1,domino_posizione_Gecode
6,domino_base,medium,6,9,0.1769883632659912,6,6,0,Gecode,1,domino_base_Gecode
6,domino_inserite,medium,6,9,0.1784007549285888,6,6,0,Gecode,1,domino_inserite_Gecode
7,domino_orientamento,medium,10,7,2.6794447898864746,10,10,0,Gecode,1,domino_orientamento_Gecode
7,domino_posizione,medium,10,7,300.15631103515625,10,4,6,Gecode,1,domino_posizione_Gecode
7,domino_base,medium,10,7,5.266595840454102,10,10,0,Gecode,1,domino_base_Gecode
7,domino_inserite,medium,10,7,7.146648645401001,10,10,0,Gecode,1,domino_inserite_Gecode
8,domino_orientamento,medium,7,8,0.1792623996734619,7,7,0,Gecode,1,domino_orientamento_Gecode
8,domino_posizione,medium,7,8,8.447054386138916,7,7,0,Gecode,1,domino_posizione_Gecode
8,domino_base,medium,7,8,0.216188907623291,7,7,0,Gecode,1,domino_base_Gecode
8,domino_inserite,medium,7,8,0.2054779529571533,7,7,0,Gecode,1,domino_inserite_Gecode
9,domino_orientamento,hard,10,15,0.3781881332397461,10,10,0,Gecode,1,domino_orientamento_Gecode
9,domino_posizione,hard,10,15,300.13924908638,10,8,2,Gecode,1,domino_posizione_Gecode
9,domino_base,hard,10,15,115.00094509124756,10,10,0,Gecode,1,domino_base_Gecode
9,domino_inserite,hard,10,15,0.4119327068328857,10,10,0,Gecode,1,domino_inserite_Gecode
10,domino_orientamento,hard,10,18,0.3825545310974121,10,10,0,Gecode,1,domino_orientamento_Gecode
10,domino_posizione,hard,10,18,300.15238666534424,10,9,1,Gecode,1,domino_posizione_Gecode
10,domino_base,hard,10,18,6.179076671600342,10,10,0,Gecode,1,domino_base_Gecode
10,domino_inserite,hard,10,18,0.4537837505340576,10,10,0,Gecode,1,domino_inserite_Gecode
1,domino_base,easy,3,5,0.1104192733764648,3,3,0,chuffed,1,domino_base_chuffed
2,domino_base,easy,5,5,0.1442408561706543,5,5,0,chuffed,1,domino_base_chuffed
3,domino_base,easy,3,5,0.1116671562194824,3,3,0,chuffed,1,domino_base_chuffed
4,domino_base,easy,3,2,0.1239287853240966,3,0,3,chuffed,1,domino_base_chuffed
5,domino_base,medium,10,7,11.61815357208252,10,10,0,chuffed,1,domino_base_chuffed
6,domino_base,medium,6,9,0.1975390911102295,6,6,0,chuffed,1,domino_base_chuffed
7,domino_base,medium,10,7,9.303675413131714,10,10,0,chuffed,1,domino_base_chuffed
8,domino_base,medium,7,8,0.2101578712463379,7,7,0,chuffed,1,domino_base_chuffed
9,domino_base,hard,10,15,0.7614638805389404,10,10,0,chuffed,1,domino_base_chuffed
10,domino_base,hard,10,18,1.0048506259918213,10,10,0,chuffed,1,domino_base_chuffed
1,domino_orientamento,easy,5,2,0.1533694267272949,5,0,5,Gecode,2,domino_orientamento_Gecode
1,domino_posizione,easy,5,2,0.1368350982666015,5,0,5,Gecode,2,domino_posizione_Gecode
1,domino_base,easy,5,2,0.1276206970214843,5,0,5,Gecode,2,domino_base_Gecode
1,domino_inserite,easy,5,2,0.1272025108337402,5,0,5,Gecode,2,domino_inserite_Gecode
2,domino_orientamento,easy,3,4,0.1086173057556152,3,3,0,Gecode,2,domino_orientamento_Gecode
2,domino_posizione,easy,3,4,0.1088147163391113,3,3,0,Gecode,2,domino_posizione_Gecode
2,domino_base,easy,3,4,0.1085677146911621,3,3,0,Gecode,2,domino_base_Gecode
2,domino_inserite,easy,3,4,0.1082665920257568,3,3,0,Gecode,2,domino_inserite_Gecode
3,domino_orientamento,easy,3,4,0.11018967628479,3,3,0,Gecode,2,domino_orientamento_Gecode
3,domino_posizione,easy,3,4,0.1091945171356201,3,3,0,Gecode,2,domino_posizione_Gecode
3,domino_base,easy,3,4,0.1090712547302246,3,3,0,Gecode,2,domino_base_Gecode
3,domino_inserite,easy,3,4,0.1385912895202636,3,3,0,Gecode,2,domino_inserite_Gecode
4,domino_orientamento,easy,4,2,0.1167271137237548,4,0,4,Gecode,2,domino_orientamento_Gecode
4,domino_posizione,easy,4,2,0.1236250400543212,4,0,4,Gecode,2,domino_posizione_Gecode
4,domino_base,easy,4,2,0.1066508293151855,4,0,4,Gecode,2,domino_base_Gecode
4,domino_inserite,easy,4,2,0.1182966232299804,4,0,4,Gecode,2,domino_inserite_Gecode
5,domino_orientamento,medium,9,10,0.3307859897613525,9,9,0,Gecode,2,domino_orientamento_Gecode
5,domino_posizione,medium,9,10,300.12463665008545,9,6,3,Gecode,2,domino_posizione_Gecode
5,domino_base,medium,9,10,4.181812763214111,9,9,0,Gecode,2,domino_base_Gecode
5,domino_inserite,medium,9,10,0.492783784866333,9,9,0,Gecode,2,domino_inserite_Gecode
6,domino_orientamento,medium,7,6,0.7360084056854248,7,7,0,Gecode,2,domino_orientamento_Gecode
6,domino_posizione,medium,7,6,291.36497712135315,7,7,0,Gecode,2,domino_posizione_Gecode
6,domino_base,medium,7,6,1.734331130981445,7,7,0,Gecode,2,domino_base_Gecode
6,domino_inserite,medium,7,6,2.6076905727386475,7,7,0,Gecode,2,domino_inserite_Gecode
7,domino_orientamento,medium,6,9,0.1654520034790039,6,6,0,Gecode,2,domino_orientamento_Gecode
7,domino_posizione,medium,6,9,0.6147921085357666,6,6,0,Gecode,2,domino_posizione_Gecode
7,domino_base,medium,6,9,0.1652314662933349,6,6,0,Gecode,2,domino_base_Gecode
7,domino_inserite,medium,6,9,0.1729252338409423,6,6,0,Gecode,2,domino_inserite_Gecode
8,domino_orientamento,medium,6,10,0.1593542098999023,6,6,0,Gecode,2,domino_orientamento_Gecode
8,domino_posizione,medium,6,10,1.175267219543457,6,6,0,Gecode,2,domino_posizione_Gecode
8,domino_base,medium,6,10,0.1608402729034423,6,6,0,Gecode,2,domino_base_Gecode
8,domino_inserite,medium,6,10,0.1608221530914306,6,6,0,Gecode,2,domino_inserite_Gecode
9,domino_orientamento,hard,19,12,300.45521330833435,19,7,12,Gecode,2,domino_orientamento_Gecode
9,domino_posizione,hard,19,12,300.4656155109405,19,6,13,Gecode,2,domino_posizione_Gecode
9,domino_base,hard,19,12,300.4557201862335,19,7,12,Gecode,2,domino_base_Gecode
9,domino_inserite,hard,19,12,300.4668011665344,19,11,8,Gecode,2,domino_inserite_Gecode
10,domino_orientamento,hard,12,11,0.8113112449645996,12,12,0,Gecode,2,domino_orientamento_Gecode
10,domino_posizione,hard,12,11,300.20531463623047,12,6,6,Gecode,2,domino_posizione_Gecode
10,domino_base,hard,12,11,3.128807783126831,12,12,0,Gecode,2,domino_base_Gecode
10,domino_inserite,hard,12,11,262.86413073539734,12,12,0,Gecode,2,domino_inserite_Gecode
1,domino_base,easy,5,2,0.1535816192626953,5,0,5,chuffed,2,domino_base_chuffed
2,domino_base,easy,3,4,0.1044027805328369,3,3,0,chuffed,2,domino_base_chuffed
3,domino_base,easy,3,4,0.1061031818389892,3,3,0,chuffed,2,domino_base_chuffed
4,domino_base,easy,4,2,0.1242244243621826,4,0,4,chuffed,2,domino_base_chuffed
5,domino_base,medium,9,10,0.4037630558013916,9,9,0,chuffed,2,domino_base_chuffed
6,domino_base,medium,7,6,0.4012084007263183,7,7,0,chuffed,2,domino_base_chuffed
7,domino_base,medium,6,9,0.1991438865661621,6,6,0,chuffed,2,domino_base_chuffed
8,domino_base,medium,6,10,0.1817374229431152,6,6,0,chuffed,2,domino_base_chuffed
9,domino_base,hard,19,12,300.6231029033661,19,0,19,chuffed,2,domino_base_chuffed
10,domino_base,hard,12,11,1.139960527420044,12,12,0,chuffed,2,domino_base_chuffed
1,domino_orientamento,easy,6,3,1.2031114101409912,6,2,4,Gecode,3,domino_orientamento_Gecode
1,domino_posizione,easy,6,3,2.720583438873291,6,2,4,Gecode,3,domino_posizione_Gecode
1,domino_base,easy,6,3,1.2831361293792725,6,2,4,Gecode,3,domino_base_Gecode
1,domino_inserite,easy,6,3,0.8918869495391846,6,2,4,Gecode,3,domino_inserite_Gecode
2,domino_orientamento,easy,2,4,0.0936803817749023,2,2,0,Gecode,3,domino_orientamento_Gecode
2,domino_posizione,easy,2,4,0.0936768054962158,2,2,0,Gecode,3,domino_posizione_Gecode
2,domino_base,easy,2,4,0.0937733650207519,2,2,0,Gecode,3,domino_base_Gecode
2,domino_inserite,easy,2,4,0.0992932319641113,2,2,0,Gecode,3,domino_inserite_Gecode
3,domino_orientamento,easy,2,4,0.0915126800537109,2,2,0,Gecode,3,domino_orientamento_Gecode
3,domino_posizione,easy,2,4,0.0907692909240722,2,2,0,Gecode,3,domino_posizione_Gecode
3,domino_base,easy,2,4,0.0904908180236816,2,2,0,Gecode,3,domino_base_Gecode
3,domino_inserite,easy,2,4,0.0902011394500732,2,2,0,Gecode,3,domino_inserite_Gecode
4,domino_orientamento,easy,2,2,0.0893845558166503,2,0,2,Gecode,3,domino_orientamento_Gecode
4,domino_posizione,easy,2,2,0.0898940563201904,2,0,2,Gecode,3,domino_posizione_Gecode
4,domino_base,easy,2,2,0.093970775604248,2,0,2,Gecode,3,domino_base_Gecode
4,domino_inserite,easy,2,2,0.0880405902862548,2,0,2,Gecode,3,domino_inserite_Gecode
5,domino_orientamento,medium,8,7,0.2535860538482666,8,8,0,Gecode,3,domino_orientamento_Gecode
5,domino_posizione,medium,8,7,300.1035656929016,8,4,4,Gecode,3,domino_posizione_Gecode
5,domino_base,medium,8,7,0.3427181243896484,8,8,0,Gecode,3,domino_base_Gecode
5,domino_inserite,medium,8,7,0.2968137264251709,8,8,0,Gecode,3,domino_inserite_Gecode
6,domino_orientamento,medium,8,8,0.2364659309387207,8,8,0,Gecode,3,domino_orientamento_Gecode
6,domino_posizione,medium,8,8,300.0990629196167,8,4,4,Gecode,3,domino_posizione_Gecode
6,domino_base,medium,8,8,0.2972261905670166,8,8,0,Gecode,3,domino_base_Gecode
6,domino_inserite,medium,8,8,2.9932940006256104,8,8,0,Gecode,3,domino_inserite_Gecode
7,domino_orientamento,medium,10,9,0.4115049839019775,10,10,0,Gecode,3,domino_orientamento_Gecode
7,domino_posizione,medium,10,9,300.1409478187561,10,5,5,Gecode,3,domino_posizione_Gecode
7,domino_base,medium,10,9,8.169306516647339,10,10,0,Gecode,3,domino_base_Gecode
7,domino_inserite,medium,10,9,1.798656940460205,10,10,0,Gecode,3,domino_inserite_Gecode
8,domino_orientamento,medium,6,6,0.160811185836792,6,6,0,Gecode,3,domino_orientamento_Gecode
8,domino_posizione,medium,6,6,8.874978303909302,6,6,0,Gecode,3,domino_posizione_Gecode
8,domino_base,medium,6,6,301.085679769516,6,14,-8,Gecode,3,domino_base_Gecode
8,domino_inserite,medium,6,6,0.3102576732635498,6,6,0,Gecode,3,domino_inserite_Gecode
9,domino_orientamento,hard,19,14,300.38898253440857,19,13,6,Gecode,3,domino_orientamento_Gecode
9,domino_posizione,hard,19,14,300.4021451473236,19,8,11,Gecode,3,domino_posizione_Gecode
9,domino_base,hard,19,14,300.39813709259033,19,10,9,Gecode,3,domino_base_Gecode
9,domino_inserite,hard,19,14,300.4072229862213,19,10,9,Gecode,3,domino_inserite_Gecode
10,domino_orientamento,hard,15,15,40.43926692008972,15,15,0,Gecode,3,domino_orientamento_Gecode
10,domino_posizione,hard,15,15,300.2525706291199,15,9,6,Gecode,3,domino_posizione_Gecode
10,domino_base,hard,15,15,154.24592685699463,15,15,0,Gecode,3,domino_base_Gecode
10,domino_inserite,hard,15,15,117.89652037620544,15,15,0,Gecode,3,domino_inserite_Gecode
1,domino_base,easy,6,3,0.1846306324005127,6,2,4,chuffed,3,domino_base_chuffed
2,domino_base,easy,2,4,0.0900943279266357,2,2,0,chuffed,3,domino_base_chuffed
3,domino_base,easy,2,4,0.0910890102386474,2,2,0,chuffed,3,domino_base_chuffed
4,domino_base,easy,2,2,0.0923395156860351,2,0,2,chuffed,3,domino_base_chuffed
5,domino_base,medium,8,7,0.2938697338104248,8,8,0,chuffed,3,domino_base_chuffed
6,domino_base,medium,8,8,0.286327600479126,8,8,0,chuffed,3,domino_base_chuffed
7,domino_base,medium,10,9,0.4893279075622558,10,10,0,chuffed,3,domino_base_chuffed
8,domino_base,medium,6,6,0.1715309619903564,6,6,0,chuffed,3,domino_base_chuffed
9,domino_base,hard,19,14,4.329370021820068,19,19,0,chuffed,3,domino_base_chuffed
10,domino_base,hard,15,15,4.614645719528198,15,15,0,chuffed,3,domino_base_chuffed
1,domino_orientamento,easy,4,3,0.1299173831939697,4,2,2,Gecode,4,domino_orientamento_Gecode
1,domino_posizione,easy,4,3,0.1423530578613281,4,2,2,Gecode,4,domino_posizione_Gecode
1,domino_base,easy,4,3,0.1305184364318847,4,2,2,Gecode,4,domino_base_Gecode
1,domino_inserite,easy,4,3,0.126600980758667,4,2,2,Gecode,4,domino_inserite_Gecode
2,domino_orientamento,easy,3,3,0.1086025238037109,3,2,1,Gecode,4,domino_orientamento_Gecode
2,domino_posizione,easy,3,3,0.1063675880432128,3,2,1,Gecode,4,domino_posizione_Gecode
2,domino_base,easy,3,3,0.1054785251617431,3,2,1,Gecode,4,domino_base_Gecode
2,domino_inserite,easy,3,3,0.1049849987030029,3,2,1,Gecode,4,domino_inserite_Gecode
3,domino_orientamento,easy,4,3,0.1282675266265869,4,2,2,Gecode,4,domino_orientamento_Gecode
3,domino_posizione,easy,4,3,0.1466948986053466,4,2,2,Gecode,4,domino_posizione_Gecode
3,domino_base,easy,4,3,0.1343626976013183,4,2,2,Gecode,4,domino_base_Gecode
3,domino_inserite,easy,4,3,0.1267457008361816,4,2,2,Gecode,4,domino_inserite_Gecode
4,domino_orientamento,easy,3,5,0.1025421619415283,3,3,0,Gecode,4,domino_orientamento_Gecode
4,domino_posizione,easy,3,5,0.1008746623992919,3,3,0,Gecode,4,domino_posizione_Gecode
4,domino_base,easy,3,5,0.1057298183441162,3,3,0,Gecode,4,domino_base_Gecode
4,domino_inserite,easy,3,5,0.1084101200103759,3,3,0,Gecode,4,domino_inserite_Gecode
5,domino_orientamento,medium,6,8,0.1501312255859375,6,6,0,Gecode,4,domino_orientamento_Gecode
5,domino_posizione,medium,6,8,5.567323923110962,6,6,0,Gecode,4,domino_posizione_Gecode
5,domino_base,medium,6,8,0.1556565761566162,6,6,0,Gecode,4,domino_base_Gecode
5,domino_inserite,medium,6,8,0.1569783687591552,6,6,0,Gecode,4,domino_inserite_Gecode
6,domino_orientamento,medium,10,9,0.3640279769897461,10,10,0,Gecode,4,domino_orientamento_Gecode
6,domino_posizione,medium,10,9,300.1423888206482,10,6,4,Gecode,4,domino_posizione_Gecode
6,domino_base,medium,10,9,0.5379664897918701,10,10,0,Gecode,4,domino_base_Gecode
6,domino_inserite,medium,10,9,0.5734012126922607,10,10,0,Gecode,4,domino_inserite_Gecode
7,domino_orientamento,medium,10,9,0.7099287509918213,10,10,0,Gecode,4,domino_orientamento_Gecode
7,domino_posizione,medium,10,9,300.1478538513184,10,5,5,Gecode,4,domino_posizione_Gecode
7,domino_base,medium,10,9,3.337022066116333,10,10,0,Gecode,4,domino_base_Gecode
7,domino_inserite,medium,10,9,191.20339941978452,10,10,0,Gecode,4,domino_inserite_Gecode
8,domino_orientamento,medium,10,6,300.14218497276306,10,8,2,Gecode,4,domino_orientamento_Gecode
8,domino_posizione,medium,10,6,300.1392443180084,10,3,7,Gecode,4,domino_posizione_Gecode
8,domino_base,medium,10,6,300.1357192993164,10,7,3,Gecode,4,domino_base_Gecode
8,domino_inserite,medium,10,6,300.13766145706177,10,7,3,Gecode,4,domino_inserite_Gecode
9,domino_orientamento,hard,12,14,0.5360093116760254,12,12,0,Gecode,4,domino_orientamento_Gecode
9,domino_posizione,hard,12,14,300.1734142303467,12,7,5,Gecode,4,domino_posizione_Gecode
9,domino_base,hard,12,14,3.45605731010437,12,12,0,Gecode,4,domino_base_Gecode
9,domino_inserite,hard,12,14,300.1778383255005,12,9,3,Gecode,4,domino_inserite_Gecode
10,domino_orientamento,hard,20,15,300.45136761665344,20,7,13,Gecode,4,domino_orientamento_Gecode
10,domino_posizione,hard,20,15,300.4512493610382,20,8,12,Gecode,4,domino_posizione_Gecode
10,domino_base,hard,20,15,300.4825463294983,20,8,12,Gecode,4,domino_base_Gecode
10,domino_inserite,hard,20,15,300.44621562957764,20,12,8,Gecode,4,domino_inserite_Gecode
1,domino_base,easy,4,3,0.1203269958496093,4,2,2,chuffed,4,domino_base_chuffed
2,domino_base,easy,3,3,0.1022508144378662,3,2,1,chuffed,4,domino_base_chuffed
3,domino_base,easy,4,3,0.1149117946624755,4,2,2,chuffed,4,domino_base_chuffed
4,domino_base,easy,3,5,0.0971624851226806,3,3,0,chuffed,4,domino_base_chuffed
5,domino_base,medium,6,8,0.159353494644165,6,6,0,chuffed,4,domino_base_chuffed
6,domino_base,medium,10,9,0.472447395324707,10,10,0,chuffed,4,domino_base_chuffed
7,domino_base,medium,10,9,0.4937391281127929,10,10,0,chuffed,4,domino_base_chuffed
8,domino_base,medium,10,6,99.13205361366272,10,8,2,chuffed,4,domino_base_chuffed
9,domino_base,hard,12,14,0.7282798290252686,12,12,0,chuffed,4,domino_base_chuffed
10,domino_base,hard,20,15,8.15969729423523,20,20,0,chuffed,4,domino_base_chuffed
1,domino_orientamento,easy,3,3,0.0990736484527587,3,2,1,Gecode,5,domino_orientamento_Gecode
1,domino_posizione,easy,3,3,0.1033406257629394,3,2,1,Gecode,5,domino_posizione_Gecode
1,domino_base,easy,3,3,0.1006636619567871,3,2,1,Gecode,5,domino_base_Gecode
1,domino_inserite,easy,3,3,0.1022579669952392,3,2,1,Gecode,5,domino_inserite_Gecode
2,domino_orientamento,easy,3,2,0.096013069152832,3,0,3,Gecode,5,domino_orientamento_Gecode
2,domino_posizione,easy,3,2,0.0939602851867675,3,0,3,Gecode,5,domino_posizione_Gecode
2,domino_base,easy,3,2,0.1049792766571044,3,0,3,Gecode,5,domino_base_Gecode
2,domino_inserite,easy,3,2,0.1004953384399414,3,0,3,Gecode,5,domino_inserite_Gecode
3,domino_orientamento,easy,2,2,0.0840294361114502,2,0,2,Gecode,5,domino_orientamento_Gecode
3,domino_posizione,easy,2,2,0.0837960243225097,2,0,2,Gecode,5,domino_posizione_Gecode
3,domino_base,easy,2,2,0.0871703624725341,2,0,2,Gecode,5,domino_base_Gecode
3,domino_inserite,easy,2,2,0.0870528221130371,2,0,2,Gecode,5,domino_inserite_Gecode
4,domino_orientamento,easy,2,3,0.0859806537628173,2,2,0,Gecode,5,domino_orientamento_Gecode
4,domino_posizione,easy,2,3,0.088780403137207,2,2,0,Gecode,5,domino_posizione_Gecode
4,domino_base,easy,2,3,0.0919713973999023,2,2,0,Gecode,5,domino_base_Gecode
4,domino_inserite,easy,2,3,0.0872628688812255,2,2,0,Gecode,5,domino_inserite_Gecode
5,domino_orientamento,medium,10,6,300.1380488872528,10,7,3,Gecode,5,domino_orientamento_Gecode
5,domino_posizione,medium,10,6,300.1472055912018,10,4,6,Gecode,5,domino_posizione_Gecode
5,domino_base,medium,10,6,300.1457016468048,10,7,3,Gecode,5,domino_base_Gecode
5,domino_inserite,medium,10,6,300.1429011821747,10,7,3,Gecode,5,domino_inserite_Gecode
6,domino_orientamento,medium,6,6,0.1597974300384521,6,6,0,Gecode,5,domino_orientamento_Gecode
6,domino_posizione,medium,6,6,10.924735069274902,6,6,0,Gecode,5,domino_posizione_Gecode
6,domino_base,medium,6,6,0.2553374767303467,6,6,0,Gecode,5,domino_base_Gecode
6,domino_inserite,medium,6,6,0.1795630455017089,6,6,0,Gecode,5,domino_inserite_Gecode
7,domino_orientamento,medium,9,10,0.2830793857574463,9,9,0,Gecode,5,domino_orientamento_Gecode
7,domino_posizione,medium,9,10,300.11269187927246,9,5,4,Gecode,5,domino_posizione_Gecode
7,domino_base,medium,9,10,0.3278021812438965,9,9,0,Gecode,5,domino_base_Gecode
7,domino_inserite,medium,9,10,300.1137566566468,9,8,1,Gecode,5,domino_inserite_Gecode
8,domino_orientamento,medium,8,10,0.2238678932189941,8,8,0,Gecode,5,domino_orientamento_Gecode
8,domino_posizione,medium,8,10,238.4530234336853,8,8,0,Gecode,5,domino_posizione_Gecode
8,domino_base,medium,8,10,0.2381894588470459,8,8,0,Gecode,5,domino_base_Gecode
8,domino_inserite,medium,8,10,56.067323207855225,8,8,0,Gecode,5,domino_inserite_Gecode
9,domino_orientamento,hard,20,20,300.4201490879059,20,13,7,Gecode,5,domino_orientamento_Gecode
9,domino_posizione,hard,20,20,300.4189457893372,20,11,9,Gecode,5,domino_posizione_Gecode
9,domino_base,hard,20,20,300.4121849536896,20,13,7,Gecode,5,domino_base_Gecode
9,domino_inserite,hard,20,20,300.4228620529175,20,16,4,Gecode,5,domino_inserite_Gecode
10,domino_orientamento,hard,11,16,0.4668481349945068,11,11,0,Gecode,5,domino_orientamento_Gecode
10,domino_posizione,hard,11,16,300.1560115814209,11,9,2,Gecode,5,domino_posizione_Gecode
10,domino_base,hard,11,16,21.090862035751343,11,11,0,Gecode,5,domino_base_Gecode
10,domino_inserite,hard,11,16,14.668686151504517,11,11,0,Gecode,5,domino_inserite_Gecode
1,domino_base,easy,3,3,0.100964069366455,3,2,1,chuffed,5,domino_base_chuffed
2,domino_base,easy,3,2,0.1013615131378173,3,0,3,chuffed,5,domino_base_chuffed
3,domino_base,easy,2,2,0.0853488445281982,2,0,2,chuffed,5,domino_base_chuffed
4,domino_base,easy,2,3,0.0855245590209961,2,2,0,chuffed,5,domino_base_chuffed
5,domino_base,medium,10,6,27.041844606399536,10,8,2,chuffed,5,domino_base_chuffed
6,domino_base,medium,6,6,0.1738419532775879,6,6,0,chuffed,5,domino_base_chuffed
7,domino_base,medium,9,10,0.3432619571685791,9,9,0,chuffed,5,domino_base_chuffed
8,domino_base,medium,8,10,0.2627770900726318,8,8,0,chuffed,5,domino_base_chuffed
9,domino_base,hard,20,20,29.778761386871334,20,20,0,chuffed,5,domino_base_chuffed
10,domino_base,hard,11,16,5.59305739402771,11,11,0,chuffed,5,domino_base_chuffed
1,domino_orientamento,easy,6,5,11.671337842941284,6,5,1,Gecode,6,domino_orientamento_Gecode
1,domino_posizione,easy,6,5,26.054200887680054,6,5,1,Gecode,6,domino_posizione_Gecode
1,domino_base,easy,6,5,8.217204093933105,6,5,1,Gecode,6,domino_base_Gecode
1,domino_inserite,easy,6,5,4.329455137252808,6,5,1,Gecode,6,domino_inserite_Gecode
2,domino_orientamento,easy,2,4,0.109199047088623,2,2,0,Gecode,6,domino_orientamento_Gecode
2,domino_posizione,easy,2,4,0.0930101871490478,2,2,0,Gecode,6,domino_posizione_Gecode
2,domino_base,easy,2,4,0.0881407260894775,2,2,0,Gecode,6,domino_base_Gecode
2,domino_inserite,easy,2,4,0.0873839855194091,2,2,0,Gecode,6,domino_inserite_Gecode
3,domino_orientamento,easy,6,2,0.1290788650512695,6,0,6,Gecode,6,domino_orientamento_Gecode
3,domino_posizione,easy,6,2,0.126676321029663,6,0,6,Gecode,6,domino_posizione_Gecode
3,domino_base,easy,6,2,0.1260232925415039,6,0,6,Gecode,6,domino_base_Gecode
3,domino_inserite,easy,6,2,0.1295530796051025,6,0,6,Gecode,6,domino_inserite_Gecode
4,domino_orientamento,easy,4,4,0.2447409629821777,4,3,1,Gecode,6,domino_orientamento_Gecode
4,domino_posizione,easy,4,4,0.1608145236968994,4,3,1,Gecode,6,domino_posizione_Gecode
4,domino_base,easy,4,4,0.1335513591766357,4,3,1,Gecode,6,domino_base_Gecode
4,domino_inserite,easy,4,4,0.1338047981262207,4,3,1,Gecode,6,domino_inserite_Gecode
5,domino_orientamento,medium,10,10,0.3681240081787109,10,10,0,Gecode,6,domino_orientamento_Gecode
5,domino_posizione,medium,10,10,300.1385009288788,10,6,4,Gecode,6,domino_posizione_Gecode
5,domino_base,medium,10,10,0.96437668800354,10,10,0,Gecode,6,domino_base_Gecode
5,domino_inserite,medium,10,10,9.955247163772585,10,10,0,Gecode,6,domino_inserite_Gecode
6,domino_orientamento,medium,6,10,0.1630911827087402,6,6,0,Gecode,6,domino_orientamento_Gecode
6,domino_posizione,medium,6,10,1.442190170288086,6,6,0,Gecode,6,domino_posizione_Gecode
6,domino_base,medium,6,10,0.1656899452209472,6,6,0,Gecode,6,domino_base_Gecode
6,domino_inserite,medium,6,10,0.1729965209960937,6,6,0,Gecode,6,domino_inserite_Gecode
7,domino_orientamento,medium,10,9,0.7262120246887207,10,10,0,Gecode,6,domino_orientamento_Gecode
7,domino_posizione,medium,10,9,300.1404721736908,10,5,5,Gecode,6,domino_posizione_Gecode
7,domino_base,medium,10,9,10.049699544906616,10,10,0,Gecode,6,domino_base_Gecode
7,domino_inserite,medium,10,9,292.4004645347595,10,10,0,Gecode,6,domino_inserite_Gecode
8,domino_orientamento,medium,10,6,300.1401700973511,10,7,3,Gecode,6,domino_orientamento_Gecode
8,domino_posizione,medium,10,6,300.14007902145386,10,3,7,Gecode,6,domino_posizione_Gecode
8,domino_base,medium,10,6,300.1434454917908,10,7,3,Gecode,6,domino_base_Gecode
8,domino_inserite,medium,10,6,300.1484925746918,10,7,3,Gecode,6,domino_inserite_Gecode
9,domino_orientamento,hard,19,11,300.3990721702576,19,8,11,Gecode,6,domino_orientamento_Gecode
9,domino_posizione,hard,19,11,300.3896884918213,19,7,12,Gecode,6,domino_posizione_Gecode
9,domino_base,hard,19,11,300.3931393623352,19,8,11,Gecode,6,domino_base_Gecode
9,domino_inserite,hard,19,11,300.3935742378235,19,7,12,Gecode,6,domino_inserite_Gecode
10,domino_orientamento,hard,11,10,63.37123608589173,11,11,0,Gecode,6,domino_orientamento_Gecode
10,domino_posizione,hard,11,10,300.1589870452881,11,5,6,Gecode,6,domino_posizione_Gecode
10,domino_base,hard,11,10,11.288045883178713,11,11,0,Gecode,6,domino_base_Gecode
10,domino_inserite,hard,11,10,300.156888961792,11,10,1,Gecode,6,domino_inserite_Gecode
1,domino_base,easy,6,5,0.5646102428436279,6,5,1,chuffed,6,domino_base_chuffed
2,domino_base,easy,2,4,0.0873472690582275,2,2,0,chuffed,6,domino_base_chuffed
3,domino_base,easy,6,2,0.1657946109771728,6,0,6,chuffed,6,domino_base_chuffed
4,domino_base,easy,4,4,0.1242678165435791,4,3,1,chuffed,6,domino_base_chuffed
5,domino_base,medium,10,10,0.4707264900207519,10,10,0,chuffed,6,domino_base_chuffed
6,domino_base,medium,6,10,0.1945271492004394,6,6,0,chuffed,6,domino_base_chuffed
7,domino_base,medium,10,9,0.4824714660644531,10,10,0,chuffed,6,domino_base_chuffed
8,domino_base,medium,10,6,61.13553047180176,10,8,2,chuffed,6,domino_base_chuffed
9,domino_base,hard,19,11,300.55203914642334,19,0,19,chuffed,6,domino_base_chuffed
10,domino_base,hard,11,10,0.7855887413024902,11,11,0,chuffed,6,domino_base_chuffed
1,domino_orientamento,easy,6,3,0.8178794384002686,6,2,4,Gecode,7,domino_orientamento_Gecode
1,domino_posizione,easy,6,3,1.920740365982056,6,2,4,Gecode,7,domino_posizione_Gecode
1,domino_base,easy,6,3,1.701204538345337,6,2,4,Gecode,7,domino_base_Gecode
1,domino_inserite,easy,6,3,1.1377794742584229,6,2,4,Gecode,7,domino_inserite_Gecode
2,domino_orientamento,easy,3,4,0.0982115268707275,3,2,1,Gecode,7,domino_orientamento_Gecode
2,domino_posizione,easy,3,4,0.0957067012786865,3,2,1,Gecode,7,domino_posizione_Gecode
2,domino_base,easy,3,4,0.0957787036895752,3,2,1,Gecode,7,domino_base_Gecode
2,domino_inserite,easy,3,4,0.1008074283599853,3,2,1,Gecode,7,domino_inserite_Gecode
3,domino_orientamento,easy,6,4,7.975962400436401,6,4,2,Gecode,7,domino_orientamento_Gecode
3,domino_posizione,easy,6,4,11.129233837127686,6,4,2,Gecode,7,domino_posizione_Gecode
3,domino_base,easy,6,4,4.297973871231079,6,4,2,Gecode,7,domino_base_Gecode
3,domino_inserite,easy,6,4,1.6027979850769043,6,4,2,Gecode,7,domino_inserite_Gecode
4,domino_orientamento,easy,3,4,0.0983796119689941,3,2,1,Gecode,7,domino_orientamento_Gecode
4,domino_posizione,easy,3,4,0.1034095287322998,3,2,1,Gecode,7,domino_posizione_Gecode
4,domino_base,easy,3,4,0.1016123294830322,3,2,1,Gecode,7,domino_base_Gecode
4,domino_inserite,easy,3,4,0.1037969589233398,3,2,1,Gecode,7,domino_inserite_Gecode
5,domino_orientamento,medium,8,9,0.2313904762268066,8,8,0,Gecode,7,domino_orientamento_Gecode
5,domino_posizione,medium,8,9,300.09017419815063,8,5,3,Gecode,7,domino_posizione_Gecode
5,domino_base,medium,8,9,0.2236390113830566,8,8,0,Gecode,7,domino_base_Gecode
5,domino_inserite,medium,8,9,0.2280316352844238,8,8,0,Gecode,7,domino_inserite_Gecode
6,domino_orientamento,medium,9,10,0.3251628875732422,9,9,0,Gecode,7,domino_orientamento_Gecode
6,domino_posizione,medium,9,10,300.11407232284546,9,5,4,Gecode,7,domino_posizione_Gecode
6,domino_base,medium,9,10,300.1183533668518,9,8,1,Gecode,7,domino_base_Gecode
6,domino_inserite,medium,9,10,8.436270475387573,9,9,0,Gecode,7,domino_inserite_Gecode
7,domino_orientamento,medium,10,7,84.22072744369507,10,10,0,Gecode,7,domino_orientamento_Gecode
7,domino_posizione,medium,10,7,300.13247084617615,10,4,6,Gecode,7,domino_posizione_Gecode
7,domino_base,medium,10,7,81.69536995887756,10,10,0,Gecode,7,domino_base_Gecode
7,domino_inserite,medium,10,7,100.32401418685912,10,10,0,Gecode,7,domino_inserite_Gecode
8,domino_orientamento,medium,6,9,0.1504476070404052,6,6,0,Gecode,7,domino_orientamento_Gecode
8,domino_posizione,medium,6,9,1.2242727279663086,6,6,0,Gecode,7,domino_posizione_Gecode
8,domino_base,medium,6,9,0.1659553050994873,6,6,0,Gecode,7,domino_base_Gecode
8,domino_inserite,medium,6,9,0.1624267101287841,6,6,0,Gecode,7,domino_inserite_Gecode
9,domino_orientamento,hard,13,11,100.71750998497008,13,13,0,Gecode,7,domino_orientamento_Gecode
9,domino_posizione,hard,13,11,300.2081985473633,13,6,7,Gecode,7,domino_posizione_Gecode
9,domino_base,hard,13,11,300.2069568634033,13,10,3,Gecode,7,domino_base_Gecode
9,domino_inserite,hard,13,11,300.19864773750305,13,8,5,Gecode,7,domino_inserite_Gecode
10,domino_orientamento,hard,15,14,65.90685105323792,15,15,0,Gecode,7,domino_orientamento_Gecode
10,domino_posizione,hard,15,14,300.2723877429962,15,7,8,Gecode,7,domino_posizione_Gecode
10,domino_base,hard,15,14,300.26991391181946,15,7,8,Gecode,7,domino_base_Gecode
10,domino_inserite,hard,15,14,300.26773858070374,15,12,3,Gecode,7,domino_inserite_Gecode
1,domino_base,easy,6,3,0.1590139865875244,6,2,4,chuffed,7,domino_base_chuffed
2,domino_base,easy,3,4,0.0957639217376709,3,2,1,chuffed,7,domino_base_chuffed
3,domino_base,easy,6,4,0.2153286933898925,6,4,2,chuffed,7,domino_base_chuffed
4,domino_base,easy,3,4,0.0955367088317871,3,2,1,chuffed,7,domino_base_chuffed
5,domino_base,medium,8,9,0.2630281448364258,8,8,0,chuffed,7,domino_base_chuffed
6,domino_base,medium,9,10,0.3483815193176269,9,9,0,chuffed,7,domino_base_chuffed
7,domino_base,medium,10,7,38.22983384132385,10,10,0,chuffed,7,domino_base_chuffed
8,domino_base,medium,6,9,0.169074535369873,6,6,0,chuffed,7,domino_base_chuffed
9,domino_base,hard,13,11,1.1016552448272705,13,13,0,chuffed,7,domino_base_chuffed
10,domino_base,hard,15,14,1.3504493236541748,15,15,0,chuffed,7,domino_base_chuffed
1,domino_orientamento,easy,3,5,0.1007170677185058,3,3,0,Gecode,8,domino_orientamento_Gecode
1,domino_posizione,easy,3,5,0.1026062965393066,3,3,0,Gecode,8,domino_posizione_Gecode
1,domino_base,easy,3,5,0.1019051074981689,3,3,0,Gecode,8,domino_base_Gecode
1,domino_inserite,easy,3,5,0.0998189449310302,3,3,0,Gecode,8,domino_inserite_Gecode
2,domino_orientamento,easy,4,3,0.135150671005249,4,2,2,Gecode,8,domino_orientamento_Gecode
2,domino_posizione,easy,4,3,0.1472723484039306,4,2,2,Gecode,8,domino_posizione_Gecode
2,domino_base,easy,4,3,0.134096622467041,4,2,2,Gecode,8,domino_base_Gecode
2,domino_inserite,easy,4,3,0.1261472702026367,4,2,2,Gecode,8,domino_inserite_Gecode
3,domino_orientamento,easy,2,3,0.0877399444580078,2,2,0,Gecode,8,domino_orientamento_Gecode
3,domino_posizione,easy,2,3,0.0896317958831787,2,2,0,Gecode,8,domino_posizione_Gecode
3,domino_base,easy,2,3,0.0891296863555908,2,2,0,Gecode,8,domino_base_Gecode
3,domino_inserite,easy,2,3,0.0863785743713378,2,2,0,Gecode,8,domino_inserite_Gecode
4,domino_orientamento,easy,2,4,0.0857994556427002,2,2,0,Gecode,8,domino_orientamento_Gecode
4,domino_posizione,easy,2,4,0.0887207984924316,2,2,0,Gecode,8,domino_posizione_Gecode
4,domino_base,easy,2,4,0.0890111923217773,2,2,0,Gecode,8,domino_base_Gecode
4,domino_inserite,easy,2,4,0.0876259803771972,2,2,0,Gecode,8,domino_inserite_Gecode
5,domino_orientamento,medium,7,6,0.3572039604187011,7,7,0,Gecode,8,domino_orientamento_Gecode
5,domino_posizione,medium,7,6,166.83120679855347,7,7,0,Gecode,8,domino_posizione_Gecode
5,domino_base,medium,7,6,0.2540273666381836,7,7,0,Gecode,8,domino_base_Gecode
5,domino_inserite,medium,7,6,0.2184650897979736,7,7,0,Gecode,8,domino_inserite_Gecode
6,domino_orientamento,medium,10,7,4.7377119064331055,10,10,0,Gecode,8,domino_orientamento_Gecode
6,domino_posizione,medium,10,7,300.1268575191498,10,4,6,Gecode,8,domino_posizione_Gecode
6,domino_base,medium,10,7,9.41722846031189,10,10,0,Gecode,8,domino_base_Gecode
6,domino_inserite,medium,10,7,36.46643352508545,10,10,0,Gecode,8,domino_inserite_Gecode
7,domino_orientamento,medium,6,10,0.1658039093017578,6,6,0,Gecode,8,domino_orientamento_Gecode
7,domino_posizione,medium,6,10,0.1781325340270996,6,6,0,Gecode,8,domino_posizione_Gecode
7,domino_base,medium,6,10,0.1563053131103515,6,6,0,Gecode,8,domino_base_Gecode
7,domino_inserite,medium,6,10,0.1589212417602539,6,6,0,Gecode,8,domino_inserite_Gecode
8,domino_orientamento,medium,10,6,300.1342751979828,10,7,3,Gecode,8,domino_orientamento_Gecode
8,domino_posizione,medium,10,6,300.1298770904541,10,3,7,Gecode,8,domino_posizione_Gecode
8,domino_base,medium,10,6,300.1304762363434,10,7,3,Gecode,8,domino_base_Gecode
8,domino_inserite,medium,10,6,300.1374425888061,10,7,3,Gecode,8,domino_inserite_Gecode
9,domino_orientamento,hard,15,12,187.77880239486691,15,15,0,Gecode,8,domino_orientamento_Gecode
9,domino_posizione,hard,15,12,300.2374188899994,15,6,9,Gecode,8,domino_posizione_Gecode
9,domino_base,hard,15,12,300.2432153224945,15,8,7,Gecode,8,domino_base_Gecode
9,domino_inserite,hard,15,12,300.2433333396912,15,10,5,Gecode,8,domino_inserite_Gecode
10,domino_orientamento,hard,20,19,300.3753135204315,20,18,2,Gecode,8,domino_orientamento_Gecode
10,domino_posizione,hard,20,19,300.3750319480896,20,10,10,Gecode,8,domino_posizione_Gecode
10,domino_base,hard,20,19,300.3799295425415,20,16,4,Gecode,8,domino_base_Gecode
10,domino_inserite,hard,20,19,300.3880081176758,20,11,9,Gecode,8,domino_inserite_Gecode
1,domino_base,easy,3,5,0.1130716800689697,3,3,0,chuffed,8,domino_base_chuffed
2,domino_base,easy,4,3,0.119443655014038,4,2,2,chuffed,8,domino_base_chuffed
3,domino_base,easy,2,3,0.0873365402221679,2,2,0,chuffed,8,domino_base_chuffed
4,domino_base,easy,2,4,0.0847609043121337,2,2,0,chuffed,8,domino_base_chuffed
5,domino_base,medium,7,6,0.244424819946289,7,7,0,chuffed,8,domino_base_chuffed
6,domino_base,medium,10,7,5.658015251159668,10,10,0,chuffed,8,domino_base_chuffed
7,domino_base,medium,6,10,0.1739425659179687,6,6,0,chuffed,8,domino_base_chuffed
8,domino_base,medium,10,6,64.352041721344,10,7,3,chuffed,8,domino_base_chuffed
9,domino_base,hard,15,12,0.9775669574737548,15,15,0,chuffed,8,domino_base_chuffed
10,domino_base,hard,20,19,21.96587300300598,20,20,0,chuffed,8,domino_base_chuffed
1,domino_orientamento,easy,4,5,0.1067414283752441,4,4,0,Gecode,9,domino_orientamento_Gecode
1,domino_posizione,easy,4,5,0.1185429096221923,4,4,0,Gecode,9,domino_posizione_Gecode
1,domino_base,easy,4,5,0.108858585357666,4,4,0,Gecode,9,domino_base_Gecode
1,domino_inserite,easy,4,5,0.1077027320861816,4,4,0,Gecode,9,domino_inserite_Gecode
2,domino_orientamento,easy,4,3,0.1282970905303955,4,2,2,Gecode,9,domino_orientamento_Gecode
2,domino_posizione,easy,4,3,0.1326851844787597,4,2,2,Gecode,9,domino_posizione_Gecode
2,domino_base,easy,4,3,0.1229462623596191,4,2,2,Gecode,9,domino_base_Gecode
2,domino_inserite,easy,4,3,0.1162440776824951,4,2,2,Gecode,9,domino_inserite_Gecode
3,domino_orientamento,easy,6,4,68.40001177787781,6,3,3,Gecode,9,domino_orientamento_Gecode
3,domino_posizione,easy,6,4,127.20567965507507,6,3,3,Gecode,9,domino_posizione_Gecode
3,domino_base,easy,6,4,96.21660423278809,6,3,3,Gecode,9,domino_base_Gecode
3,domino_inserite,easy,6,4,6.447058439254761,6,3,3,Gecode,9,domino_inserite_Gecode
4,domino_orientamento,easy,3,2,0.0931196212768554,3,0,3,Gecode,9,domino_orientamento_Gecode
4,domino_posizione,easy,3,2,0.0984747409820556,3,0,3,Gecode,9,domino_posizione_Gecode
4,domino_base,easy,3,2,0.0908620357513427,3,0,3,Gecode,9,domino_base_Gecode
4,domino_inserite,easy,3,2,0.0897927284240722,3,0,3,Gecode,9,domino_inserite_Gecode
5,domino_orientamento,medium,9,10,0.2951979637145996,9,9,0,Gecode,9,domino_orientamento_Gecode
5,domino_posizione,medium,9,10,300.11404943466187,9,5,4,Gecode,9,domino_posizione_Gecode
5,domino_base,medium,9,10,14.862065076828005,9,9,0,Gecode,9,domino_base_Gecode
5,domino_inserite,medium,9,10,25.791240215301517,9,9,0,Gecode,9,domino_inserite_Gecode
6,domino_orientamento,medium,9,8,0.2907116413116455,9,9,0,Gecode,9,domino_orientamento_Gecode
6,domino_posizione,medium,9,8,300.1099503040314,9,4,5,Gecode,9,domino_posizione_Gecode
6,domino_base,medium,9,8,24.00188088417053,9,9,0,Gecode,9,domino_base_Gecode
6,domino_inserite,medium,9,8,0.5407204627990723,9,9,0,Gecode,9,domino_inserite_Gecode
7,domino_orientamento,medium,9,6,300.11064529418945,9,7,2,Gecode,9,domino_orientamento_Gecode
7,domino_posizione,medium,9,6,300.1113324165344,9,3,6,Gecode,9,domino_posizione_Gecode
7,domino_base,medium,9,6,300.1139578819275,9,7,2,Gecode,9,domino_base_Gecode
7,domino_inserite,medium,9,6,300.1113879680633,9,7,2,Gecode,9,domino_inserite_Gecode
8,domino_orientamento,medium,10,8,0.8334133625030518,10,10,0,Gecode,9,domino_orientamento_Gecode
8,domino_posizione,medium,10,8,300.1396899223328,10,4,6,Gecode,9,domino_posizione_Gecode
8,domino_base,medium,10,8,12.047194242477415,10,10,0,Gecode,9,domino_base_Gecode
8,domino_inserite,medium,10,8,260.9082896709442,10,10,0,Gecode,9,domino_inserite_Gecode
9,domino_orientamento,hard,11,12,0.5180017948150635,11,11,0,Gecode,9,domino_orientamento_Gecode
9,domino_posizione,hard,11,12,300.15205931663513,11,6,5,Gecode,9,domino_posizione_Gecode
9,domino_base,hard,11,12,3.3627047538757324,11,11,0,Gecode,9,domino_base_Gecode
9,domino_inserite,hard,11,12,4.6675169467926025,11,11,0,Gecode,9,domino_inserite_Gecode
10,domino_orientamento,hard,16,18,300.2741916179657,16,15,1,Gecode,9,domino_orientamento_Gecode
10,domino_posizione,hard,16,18,300.273817062378,16,9,7,Gecode,9,domino_posizione_Gecode
10,domino_base,hard,16,18,300.2814338207245,16,14,2,Gecode,9,domino_base_Gecode
10,domino_inserite,hard,16,18,300.2728409767151,16,11,5,Gecode,9,domino_inserite_Gecode
1,domino_base,easy,4,5,0.1084234714508056,4,4,0,chuffed,9,domino_base_chuffed
2,domino_base,easy,4,3,0.1171071529388427,4,2,2,chuffed,9,domino_base_chuffed
3,domino_base,easy,6,4,0.2892475128173828,6,3,3,chuffed,9,domino_base_chuffed
4,domino_base,easy,3,2,0.1023142337799072,3,0,3,chuffed,9,domino_base_chuffed
5,domino_base,medium,9,10,0.3625595569610595,9,9,0,chuffed,9,domino_base_chuffed
6,domino_base,medium,9,8,1.3731756210327148,9,9,0,chuffed,9,domino_base_chuffed
7,domino_base,medium,9,6,3.875508308410645,9,8,1,chuffed,9,domino_base_chuffed
8,domino_base,medium,10,8,1.8352165222167969,10,10,0,chuffed,9,domino_base_chuffed
9,domino_base,hard,11,12,0.5813701152801514,11,11,0,chuffed,9,domino_base_chuffed
10,domino_base,hard,16,18,4.283416509628296,16,16,0,chuffed,9,domino_base_chuffed
1,,easy,3,4,0.0319654941558837,3,3,0,,0,clingo
2,,easy,5,5,16.614160537719727,5,5,0,,0,clingo
3,,easy,5,4,0.1396114826202392,5,4,1,,0,clingo
4,,easy,4,2,0.0069069862365722,4,0,4,,0,clingo
5,,medium,9,9,300.0088617801666,9,8,1,,0,clingo
6,,medium,8,8,300.0074100494385,8,8,0,,0,clingo
7,,medium,6,6,300.0032377243042,6,6,0,,0,clingo
8,,medium,7,6,300.00479221343994,7,6,1,,0,clingo
9,,hard,16,14,300.1171886920929,16,5,11,,0,clingo
10,,hard,13,20,270.792799949646,13,0,13,,0,clingo
1,,easy,3,5,0.4077939987182617,3,3,0,,1,clingo
2,,easy,5,5,8.924511432647705,5,4,1,,1,clingo
3,,easy,3,5,0.3428249359130859,3,3,0,,1,clingo
4,,easy,3,2,0.0063962936401367,3,0,3,,1,clingo
5,,medium,10,7,300.0063934326172,10,7,3,,1,clingo
6,,medium,6,9,300.0067820549011,6,6,0,,1,clingo
7,,medium,10,7,300.01051115989685,10,7,3,,1,clingo
8,,medium,7,8,300.0030210018158,7,7,0,,1,clingo
9,,hard,10,15,300.06029629707336,10,6,4,,1,clingo
10,,hard,10,18,300.12480306625366,10,3,7,,1,clingo
1,,easy,5,2,0.0083742141723632,5,0,5,,2,clingo
2,,easy,3,4,0.0345549583435058,3,3,0,,2,clingo
3,,easy,3,4,0.0320746898651123,3,3,0,,2,clingo
4,,easy,4,2,0.0072329044342041,4,0,4,,2,clingo
5,,medium,9,10,300.00808930397034,9,6,3,,2,clingo
6,,medium,7,6,300.00333428382874,7,6,1,,2,clingo
7,,medium,6,9,300.0065140724182,6,6,0,,2,clingo
8,,medium,6,10,300.00741624832153,6,6,0,,2,clingo
9,,hard,19,12,300.08798480033875,19,5,14,,2,clingo
10,,hard,12,11,300.020444393158,12,5,7,,2,clingo
1,,easy,6,3,0.0252916812896728,6,2,4,,3,clingo
2,,easy,2,4,0.0169098377227783,2,2,0,,3,clingo
3,,easy,2,4,0.0178172588348388,2,2,0,,3,clingo
4,,easy,2,2,0.0055580139160156,2,0,2,,3,clingo
5,,medium,8,7,300.00825119018555,8,7,1,,3,clingo
6,,medium,8,8,300.0069122314453,8,8,0,,3,clingo
7,,medium,10,9,300.0105504989624,10,9,1,,3,clingo
8,,medium,6,6,300.0028467178345,6,6,0,,3,clingo
9,,hard,19,14,300.18399477005005,19,6,13,,3,clingo
10,,hard,15,15,300.13460326194763,15,4,11,,3,clingo
1,,easy,4,3,0.0140995979309082,4,2,2,,4,clingo
2,,easy,3,3,0.0105319023132324,3,2,1,,4,clingo
3,,easy,4,3,0.0128190517425537,4,2,2,,4,clingo
4,,easy,3,5,0.3121049404144287,3,3,0,,4,clingo
5,,medium,6,8,300.00267791748047,6,6,0,,4,clingo
6,,medium,10,9,300.0107238292694,10,10,0,,4,clingo
7,,medium,10,9,300.01086163520813,10,8,2,,4,clingo
8,,medium,10,6,300.00439405441284,10,6,4,,4,clingo
9,,hard,12,14,300.0552189350128,12,4,8,,4,clingo
10,,hard,20,15,300.24621629714966,20,3,17,,4,clingo
1,,easy,3,3,0.010507583618164,3,2,1,,5,clingo
2,,easy,3,2,0.0058770179748535,3,0,3,,5,clingo
3,,easy,2,2,0.0055000782012939,2,0,2,,5,clingo
4,,easy,2,3,0.0075387954711914,2,2,0,,5,clingo
5,,medium,10,6,300.00486755371094,10,6,4,,5,clingo
6,,medium,6,6,300.0042362213135,6,6,0,,5,clingo
7,,medium,9,10,300.0067970752716,9,8,1,,5,clingo
8,,medium,8,10,300.0032570362091,8,8,0,,5,clingo
9,,hard,20,20,300.215940952301,20,0,20,,5,clingo
10,,hard,11,16,300.09673285484314,11,5,6,,5,clingo
1,,easy,6,5,117.60222172737122,6,5,1,,6,clingo
2,,easy,2,4,0.0164473056793212,2,2,0,,6,clingo
3,,easy,6,2,0.0084264278411865,6,0,6,,6,clingo
4,,easy,4,4,0.0766298770904541,4,2,2,,6,clingo
5,,medium,10,10,300.0131299495697,10,3,7,,6,clingo
6,,medium,6,10,300.0033030509949,6,6,0,,6,clingo
7,,medium,10,9,300.0107727050781,10,9,1,,6,clingo
8,,medium,10,6,300.0046343803406,10,6,4,,6,clingo
9,,hard,19,11,300.0545325279236,19,11,8,,6,clingo
10,,hard,11,10,300.00860834121704,11,9,2,,6,clingo
1,,easy,6,3,0.0264546871185302,6,2,4,,7,clingo
2,,easy,3,4,0.0335693359375,3,2,1,,7,clingo
3,,easy,6,4,0.325352668762207,6,3,3,,7,clingo
4,,easy,3,4,0.0338134765625,3,2,1,,7,clingo
5,,medium,8,9,300.0034203529358,8,8,0,,7,clingo
6,,medium,9,10,300.0124478340149,9,8,1,,7,clingo
7,,medium,10,7,300.00600600242615,10,7,3,,7,clingo
8,,medium,6,9,300.0068097114563,6,6,0,,7,clingo
9,,hard,13,11,300.0220947265625,13,9,4,,7,clingo
10,,hard,15,14,300.0998673439026,15,3,12,,7,clingo
1,,easy,3,5,0.3279783725738525,3,3,0,,8,clingo
2,,easy,4,3,0.0135581493377685,4,2,2,,8,clingo
3,,easy,2,3,0.0076637268066406,2,2,0,,8,clingo
4,,easy,2,4,0.0191273689270019,2,2,0,,8,clingo
5,,medium,7,6,300.00306391716003,7,6,1,,8,clingo
6,,medium,10,7,300.006263256073,10,7,3,,8,clingo
7,,medium,6,10,300.009375333786,6,6,0,,8,clingo
8,,medium,10,6,300.0056128501892,10,6,4,,8,clingo
9,,hard,15,12,300.06280422210693,15,3,12,,8,clingo
10,,hard,20,19,300.16226530075073,20,0,20,,8,clingo
1,,easy,4,5,1.670015811920166,4,4,0,,9,clingo
2,,easy,4,3,0.0136072635650634,4,2,2,,9,clingo
3,,easy,6,4,0.3839383125305176,6,3,3,,9,clingo
4,,easy,3,2,0.0064327716827392,3,0,3,,9,clingo
5,,medium,9,10,300.00671434402466,9,7,2,,9,clingo
6,,medium,9,8,300.005987405777,9,8,1,,9,clingo
7,,medium,9,6,300.00358510017395,9,6,3,,9,clingo
8,,medium,10,8,300.0040216445923,10,9,1,,9,clingo
9,,hard,11,12,300.0277485847473,11,5,6,,9,clingo
10,,hard,16,18,300.3236031532288,16,0,16,,9,clingo
